recipe_id,carbs,dairy,meat,oil,sugar,veg,saucy,,,,,,,
6666,,1,1,1,1,1,,Sweet Potato Bread I,Soup,Casserole,Stew,Curry,Brine,Chowder
6742,,2,,,,1,,Cheddar Biscuits,,,,,,
6773,,4,,,2,,,Simple Whole Wheat Bread,,,,,,
6791,,2,1,,1,1,,Irish Soda Bread II,,,,,,
6962,,2,,,1,,,Seven Grain Bread I,,,,,,
7287,,,1,,,1,,Lick Your Lips Cake,,,,,,
7528,,1,,,1,1,,Blueberry Dump Cake,,,,,,
7562,,3,1,,1,,,Cone Cupcakes,,,,,,
7820,,5,1,,2,,,White Texas Sheet Cake,,,,,,
7849,,,1,1,,,,Chocolate Banana Cake,,,,,,
7957,,3,1,,1,,,Richest Ever Chocolate Pound Cake,,,,,,
8155,,3,1,,2,1,,Mexican Wedding Cake,,,,,,
8408,1,1,,,1,1,,Barm Brack,,,,,,
8622,,2,1,,,3,,Curried Microwaved Chicken,,,,,,
8729,,1,,,,1,,Julia's Easy Slow Cooker Chicken,,,,,,
8829,,1,,,1,1,,Baked Chicken on Rice,,,,,,
8891,,,1,,,,,Cindy's Tasty Wings,,,,,,
9031,1,1,1,,1,,,Tangy Cereal-Coated Chicken,,,,,,
9159,,1,,,1,1,,Mincemeat and Pumpkin Layer Pie,,,,,,
9170,,,2,,,2,,Oyster Stuffing,,,,,,
9182,,2,,,1,1,,Pumpkin Biscuits,,,,,,
9233,,,,,1,2,,Vegetarian Stuffing,,,,,,
9273,1,2,1,,2,1,,Fruitcake,,,,,,
9325,1,1,2,,1,,,Spiced Ham Loaf,,,,,,
9907,1,1,1,,2,,,Oatmeal Chocolate Chip Cookies I,,,,,,
9923,,,,,1,,,Forgotten Kisses,,,,,,
10039,,7,1,,2,,,Nutcracker Bars,,,,,,
10269,,2,,,1,,,Shortbread Cookies II,,,,,,
10290,,2,,,1,,,Sweet Butter Cookies,,,,,,
10312,1,4,1,,2,1,,Winter Energy Cookies,,,,,,
10320,1,3,,,1,,,Peanut Butter Drops,,,,,,
10364,,2,1,1,2,,,Powdered Sugar Cookies I,,,,,,
10389,2,4,,,1,,,Peanut Clusters Chocolate Cookie,,,,,,
10517,,1,,,1,,,Cookie Pralines,,,,,,
10632,,2,,,2,,,Angel Crisps,,,,,,
10674,,2,1,,2,,,Mel's Magnificent Chocolate Chip Cookies,,,,,,
11026,,2,,,2,,,Macadamia Nut Chocolate Chip Cookies,,,,,,
11040,,3,,,1,,,Play Dough Cookies,,,,,,
11144,,2,,,1,,,Orange Peel Cookies,,,,,,
11244,,2,,,2,,,Ginger Biscotti with Pistachios,,,,,,
11263,,1,,,1,,,Orange Cream Cookie Mix,,,,,,
11415,,3,,,1,1,,Easy Rugalech,,,,,,
11493,,1,,,2,,,Special Cereal Bars I,,,,,,
11892,,3,1,,,1,,Penne and Vodka Sauce,,,,,,
12016,,5,,,,,,Mac and Cheese II,,,,,,
12092,,1,,,2,1,,American Apple Pie,,,,,,
12211,,3,,,2,1,,Cherry Cobbler I,,,,,,
12220,,2,1,,1,1,,Pumpkin Honey Pie,,,,,,
12401,,4,,,3,2,,Peach Berry Cobbler,,,,,,
12648,,3,,1,2,2,,Fresh Blueberry Pie III,,,,,,
12707,,1,1,1,,,,Creole Shrimp and Pasta Meuniere,,,,,,
12721,,1,1,1,,1,,Sole In Butter Sauce,,,,,,
12797,,2,,,,,,Trout Amandine,,,,,,
12996,,4,,,,4,1,Cauliflower-Cheese Soup,,,,,,
13034,,,1,,,4,1,Bean and Sausage Soup,,,,,,
13063,,2,,,,2,1,Delicata Creamy Squash Soup,,,,,,
13521,,2,1,,1,3,,Maple Roast Turkey and Gravy,,,,,,
13534,,1,1,,,,,Thanksgiving Meatloaf,,,,,,
13596,,3,1,,1,,,Dee's Hot Milk Sponge Cake,,,,,,
13708,,2,,,1,1,,Baked Pineapple II,,,,,,
13787,,,,,1,1,,Cranberry Orange Relish with Orange Flavored Liqueur,,,,,,
13994,,5,1,,,,,Mini Frittatas,,,,,,
14208,2,2,1,,1,,,Allison's Pasta Salad,,,,,,
14241,,,,1,2,1,,Orange Vinaigrette Brown Rice Salad,,,,,,
14251,,1,,,,2,,Orange Fluff I,,,,,,
14322,,,,1,,,,Coleslaw with a Difference!,,,,,,
14338,,3,,,2,1,,Frozen Cranberry Salad,,,,,,
14772,1,,,,1,3,,Kangaroo Chops,,,,,,
14816,,2,,,,,,Martha's Hot Almond Spread,,,,,,
14817,,2,,,,,,Beer Dip I,,,,,,
14865,,1,1,,,,,Reuben Dip,,,,,,
15013,1,,,1,2,4,,Dirty Rice,,,,,,
15077,,2,,1,,1,,Restaurant-Style Potato Skins,,,,,,
15190,,3,,,,1,,Au Gratin Potatoes II,,,,,,
15266,,3,1,,,,,Grilled Chicken Cordon Bleu Sandwiches,,,,,,
15408,,2,,,,1,,Pasta Milan,,,,,,
15428,1,,,1,,,,Farfalle with Asparagus and Smoked Salmon,,,,,,
15518,,3,,,1,,,Eggless Butter Cake,,,,,,
15572,,1,1,,1,,,Coconut Custard Pie III,,,,,,
15795,,1,,,2,2,,Raspberry Chiffon Pie II,,,,,,
15921,,1,,,2,,,Melt In Your Mouth Toffee,,,,,,
16175,,2,,,,2,,Hot Artichoke Dip,,,,,,
16336,,3,,,1,,,Ladyfinger Cheesecake,,,,,,
16939,,2,,,,,1,Aunt Millie's Broccoli Casserole,,,,,,
16966,,2,,1,,3,,Chicken Riggies II,,,,,,
17559,,1,1,1,,1,,Anniversary Chicken II,,,,,,
17603,,2,,,1,,,Good Chocolate Pie,,,,,,
17751,,,,,1,,,Frosty,,,,,,
17834,,2,3,,,5,,Chicken and Dumplings II,,,,,,
17892,1,1,1,1,1,2,,Pineapple Macadamia Nut Bread,,,,,,
18312,,1,,,,1,,Lime Fluff,,,,,,
18328,,,1,,1,2,,Sliced Potatoes with Bacon and Parsley,,,,,,
18345,,1,,,,1,,Artichokes,,,,,,
18347,,3,,,1,1,,Blueberry Cornmeal Muffins,,,,,,
18378,,2,1,,,,,Chocolate Pecan Pie VI,,,,,,
18855,,3,,,1,2,1,Veggie Casserole,,,,,,
19073,,2,,,,,,No Bake Sugar Free Cheese Cake,,,,,,
19389,,1,,,,3,,Greek Orzo Salad,,,,,,
19416,,2,,,,,,Easy Mac 'n' Cheese,,,,,,
19555,,4,,,2,1,1,Sweet Potato Casserole VII,,,,,,
19766,,,2,,1,2,1,Six Can Chicken Tortilla Soup,,,,,,
19868,,3,1,,1,,,Jill's World-Famous Coffee Liqueur Brownies,,,,,,
20173,,3,,,,,,Rustic Country Bread,,,,,,
20324,,1,,,3,,,Wet-Bottom Shoofly Pie,,,,,,
20491,1,,1,,,1,,Ground Beef Bar-b-que,,,,,,
20657,,1,,,,,,Carla's Fruit Dip,,,,,,
20693,,,,,2,,,Champagne Peach Punch,,,,,,
20848,,,2,,,1,,Waynesboroughs,,,,,,
20989,,2,,1,2,,,Elephant Ears,,,,,,
21079,,2,,,,1,,Garlic Pita Bread Bites,,,,,,
21124,,3,1,,,,,Rich Macaroni and Tomato Bake,,,,,,
21318,,,,,1,,,Super Al's Cocktail Sauce,,,,,,
21369,,3,,,,2,1,Hash Brown Casserole III,,,,,,
21426,,4,,,,1,,Jean's Swedish Faux Meatballs,,,,,,
22271,,,,1,1,4,1,Spinach Chickpea Curry,,,,,,
22274,,2,,1,,1,,Artichoke Pie,,,,,,
22479,,,2,,1,2,1,Spicy Sausage and Rice Casserole,,,,,,
22850,,1,1,,2,,,Chewy Sugar Cookies,,,,,,
22881,,4,,1,1,,,Mom's Apple Pie II,,,,,,
22945,,2,1,,1,4,,White Chili III,,,,,,
23110,,1,2,,1,2,,Snow on the Mountain II,,,,,,
23114,,,,,1,1,,Cranana Jam,,,,,,
23133,,2,1,,2,,,David's Secret Ingredient Chocolate Chip Cookies,,,,,,
23157,,1,,,,1,,Turkey in a Bag,,,,,,
23663,,4,,,1,,,Western Pound Cake,,,,,,
23746,,1,,,2,,,Italian Almond Cookies II,,,,,,
23994,1,,,1,1,,,Oriental Vinaigrette,,,,,,
24014,,2,1,,1,,,Apple Cinnamon Oatmeal Bread,,,,,,
24124,,1,1,,,2,,Mom's Chicken Pie,,,,,,
24265,,,1,1,1,4,,Chili II,,,,,,
24403,,1,2,1,,3,1,Sicilian Sausage Soup,,,,,,
24504,,,2,,1,1,,Shrimp Paella,,,,,,
24591,,2,,,,1,,Gorgonzola Dip,,,,,,
24597,1,,,1,,4,,Oriental Spinach Salad,,,,,,
24661,1,3,,,,,,Laura's Dip,,,,,,
24695,,2,,,1,1,,Bertha's Blueberry Dumplings,,,,,,
24759,,3,,,1,,1,Squash Casserole II,,,,,,
24934,,1,,,,,,Whole Wheat Wraps,,,,,,
25169,,,,1,1,1,,French Dressing II,,,,,,
25255,,3,,,,1,,Sunshine's Company Potatoes,,,,,,
25268,,,,1,1,3,,Maria's Spanish Rice,,,,,,
25906,,,1,1,,3,,Awesome Green Beans,,,,,,
25939,,1,2,,,,1,Aunt Jewel's Chicken Dressing Casserole,,,,,,
26282,,1,,,,2,,Pastachutta,,,,,,
27138,,3,,,3,1,,Gramma's Apple Bread Pudding,,,,,,
29906,,3,1,,2,1,,Sarah Contona's Sweet Potato Pie,,,,,,
32465,,1,,,1,,,Orange Summer Cooler,,,,,,
32580,,2,,,2,,,Chocolate Mug Milkshake,,,,,,
34892,,2,1,,,2,,Krautburger,,,,,,
36772,,3,,,3,,,Maple Banana Bread,,,,,,
37246,,5,,,2,1,,Ukrainian Apple Cake (Yabluchnyk),,,,,,
38167,,,2,1,,3,,Cajun Paella,,,,,,
39534,,,1,,,3,,Tejano Style Shrimp Cocktail,,,,,,
41679,,2,1,,1,,,Banana Cranberry Bread,,,,,,
45396,,2,,1,1,,,Easy Pancakes,,,,,,
46490,,,,,,2,,Schweinshaxe,,,,,,
46704,,,2,1,1,4,,Texas Jambalaya,,,,,,
46838,,2,,,1,2,,Smushed Apples and Sweet Potatoes,,,,,,
46982,,,1,1,,1,,Pesto Pasta with Chicken,,,,,,
49334,1,4,,,1,,,Honey Buttermilk Oatbread,,,,,,
49713,,,,,,2,,Dandelion Salad,,,,,,
49986,,2,,,1,,,Vanilla Milkshake IV,,,,,,
50220,1,,,1,1,3,,Babi's Bean Salad,,,,,,
50836,,1,1,1,1,2,1,Curry-Coconut Shrimp,,,,,,
50843,,1,,1,,2,,Fig and Olive Tapenade,,,,,,
53602,,1,1,,1,1,,Doughnut Bread Pudding,,,,,,
54047,,3,,,,1,,Chef Nick's Amazing Calamari,,,,,,
56225,,1,,,1,1,,Fried Sweet Potatoes,,,,,,
58364,,1,,,1,1,,Rice-so-Nice,,,,,,
59343,,1,2,2,2,3,1,Scottie's Chicken Tortilla Soup,,,,,,
59768,,2,2,,,1,,The Munroe Melt,,,,,,
59868,1,,1,,,,,Robey's Blue Crab Deviled Eggs,,,,,,
61680,,,,2,,5,,Emily's Famous Roasted Vegetable Salad,,,,,,
61688,,,,,,4,,My Ambrosia,,,,,,
63248,,5,,,,2,,Absolutely Delicious Stuffed Calamari,,,,,,
64450,1,,,1,1,,,Chinese Braised Spare Ribs,,,,,,
65486,,1,,,,1,,Bolas de Mani (Peanut and Plantain Balls),,,,,,
67629,,,,,,2,,Venison Tenderloin,,,,,,
68813,,,1,1,1,3,,Spicy Basil Chicken,,,,,,
70490,,3,1,,,2,,Sonora Chicken,,,,,,
70628,,2,2,,,,,Quick and Easy Eggs Benedict,,,,,,
70909,1,1,1,,1,1,,Jill's Sweet and Tangy Meatloaf,,,,,,
71722,1,,1,2,,2,,Asian Lettuce Wraps,,,,,,
72668,1,1,,,,3,,Strawberry and Feta Salad II,,,,,,
72747,,3,1,,1,1,,Blueberry-Lemon Pound Cake,,,,,,
72767,,1,,,,1,,Poor Man's Sandwich,,,,,,
74054,,,,1,,3,,Spinach Cantaloupe Salad with Mint,,,,,,
74203,1,2,,,2,1,,Kheer (Rice Pudding),,,,,,
74551,,2,1,,,1,1,Spinach and Yogurt Soup,,,,,,
74654,,1,,1,,1,,Artichokes in a Garlic and Olive Oil Sauce,,,,,,
74755,,2,,,1,1,,Apple Milkshake,,,,,,
74941,,2,1,,1,,,Coconut Kugel,,,,,,
74950,1,,,,2,,,My Amish Friend's Caramel Corn,,,,,,
75108,,3,,,2,,,Raspberry Cheesecake Stuffed French Toast,,,,,,
75153,,,,1,,3,,Cumin and Coriander Chickpea Salad,,,,,,
75431,,,,,,2,1,Citrus Turkey Brine,,,,,,
75733,,,1,,,,,Authentic Green Goddess Dressing,,,,,,
76604,,2,1,,,,,Make-Ahead Turkey Gravy,,,,,,
76899,,1,1,,,,,Slow Cooker Thanksgiving Turkey,,,,,,
79311,,1,,,1,1,,Creamed Cucumber Slices,,,,,,
80328,,,1,,,1,,Kofta,,,,,,
82734,1,,,1,,1,,Tammy's Tangy Chops,,,,,,
83428,,2,1,,,,1,Pizza Casserole II,,,,,,
83548,,3,1,,,,1,Grandma's Dried Beef Casserole,,,,,,
84012,1,3,,,1,3,,Ginny's Cauliflower and Pea Salad,,,,,,
84014,1,,,1,1,1,,Baked Round Steak in Barbeque Sauce,,,,,,
85816,,,,,,1,,Georgia Cracker Salad,,,,,,
86811,1,,1,1,,3,,Cuban Smoked Sausage with Chickpeas,,,,,,
86975,,,,1,,1,,Poor Mamma's Spaghetti,,,,,,
87271,1,,,1,2,3,,Vegan Baked Beans,,,,,,
88020,1,,,,,,,Fizzy Gelatin Salad,,,,,,
88920,,,,,1,1,,Zucchini Relish,,,,,,
88924,,,1,1,,1,,Tender Tomato Chicken Breasts,,,,,,
89338,,1,1,1,,4,1,Sweet Potato Chicken Casserole,,,,,,
89855,,2,,,2,,,Ginger Pear Crisp,,,,,,
91735,,2,,,,,,Chocolate Peanut Butter Swirl Fudge,,,,,,
94582,,,,,1,1,,Frosted Cranberries,,,,,,
95318,,1,1,,,2,,Grandma's Cracker Dressing,,,,,,
95753,,1,,1,,4,1,Funky Enchilada Casserole,,,,,,
96951,,,,,1,,,Pisco Sour,,,,,,
97646,,,,1,,1,,Slow Cooker Apple-Scented Venison Roast,,,,,,
103887,1,4,,3,1,1,,Ginger-Scallion Crusted Salmon,,,,,,
104291,,2,,,,3,,Chipotle Sweet Potatoes,,,,,,
105072,,2,,,1,,,Easy Passion Fruit Mousse,,,,,,
106232,,2,,1,,2,,Pan Roasted Beef Tenderloin with Ginger-Shiitake Brown Butter,,,,,,
109297,1,,,2,,1,,Cedar Planked Salmon,,,,,,
111933,,,1,1,,1,,Venison Bacon Burgers,,,,,,
112273,,,,,1,2,,Venison Salami,,,,,,
126236,,1,,,1,,,Ancho Chile Rubbed Venison Steaks with Lime-Cilantro Butter,,,,,,
130808,,1,,1,,5,1,Mom's Portuguese Beef Stew,,,,,,
131198,,1,1,1,,2,,Tropical Shrimp Scampi,,,,,,
132277,,2,,,2,,,Holiday Cherry Pie,,,,,,
135731,,1,1,1,1,2,,Bobotie from Boschendal Manor House,,,,,,
141549,,2,1,,2,1,1,Potlatch Fall Harvest Soup,,,,,,
142031,,,,1,,3,,Roasted Pepper-Avocado Salsa,,,,,,
142435,,1,,,1,,,Nectarine Blush,,,,,,
142709,1,,,1,,,,Vegetarian Lentil Spaghetti,,,,,,
143117,,1,1,,,2,,Easy Breakfast Nachos,,,,,,
143467,,2,1,,2,1,,Spumoni Chocolate Chip Cookies,,,,,,
144059,1,3,1,,1,1,,Jumbo Breakfast Cookies,,,,,,
144185,,1,,,1,1,,Fresh Fruit Ice Cream in a Baggie,,,,,,
146032,,,,1,,1,,Nicole's Garbanzo-Citrus Spread,,,,,,
146467,,3,,,1,,,Banana-Dulce de Leche Pie (Banana-Caramel Pie),,,,,,
147023,,,,,1,,,Christmas Red Pickles,,,,,,
148498,,1,1,,,1,,Beer-Boiled Shrimp,,,,,,
150193,,,,,1,1,,Garden Meatloaf,,,,,,
150427,2,,1,2,1,1,,Hiyashi Chuka Noodles,,,,,,
151010,,,,,,1,,Duck Confit,,,,,,
155715,,1,1,1,2,1,,Cherry Mandlbrodt,,,,,,
156468,,,,,,1,,Caribbean Breeze,,,,,,
159524,,,1,2,,,1,Chicken with Wild Rice and Vegetables Casserole,,,,,,
159633,,2,,,1,1,,Broccoli with Poppy Seed Sauce,,,,,,
162029,,,,,,2,,Flat Iron Steak Simplicity!,,,,,,
162091,,1,,1,,2,,Awesome Red Wine Pot Roast,,,,,,
165587,1,,1,,1,1,,Bacon Wrapped Pineapple and Water Chestnuts,,,,,,
166933,,,2,,,1,,Meatloaf Muffins,,,,,,
168881,,,,1,1,1,,Garlic Teriyaki Edamame,,,,,,
170270,,,2,,2,3,1,Indiana Corn Chowder,,,,,,
171282,,,1,,,3,,Bloody Mary Ceviche,,,,,,
172317,,,,1,,3,,No Mess Squash on the Barbeque,,,,,,
173638,,1,,1,,1,,Roasted Garlic Dip,,,,,,
174421,,1,,1,,5,,Wilted Spinach with Cherries and Goat Cheese,,,,,,
174836,,2,,,2,,,Glazed Orange Spice Cookies,,,,,,
175600,,3,,,,,,Super Easy Scones,,,,,,
176263,,,,1,,2,,Quick and Yummy Hummus,,,,,,
177497,,1,2,1,2,,,Chicken Creole with Chile Cream Sauce,,,,,,
177843,,,3,1,1,,,Pre-Game Paella,,,,,,
178151,,2,1,,2,,,"Felix K.'s 'Don't even try to say these aren't the best you've ever eaten, because they are' Chocolate Chip Cookies",,,,,,
178742,,1,2,,,2,,Dublin Coddle,,,,,,
179528,,,,,,1,,Glorified Baked Cabbage,,,,,,
185158,,,,,,4,,Greek Goddess Pasta Salad,,,,,,
186255,,2,,,1,,,Cheese Crepe Souffle,,,,,,
192524,,,1,1,,5,1,My Favorite Chicken and Wild Rice Soup,,,,,,
193307,1,1,,,1,,,Easy Mochi,,,,,,
201143,,1,1,,,3,1,Beef Mac Casserole,,,,,,
203223,,1,,,,1,,Haydari (Turkish Yogurt Dip),,,,,,
203322,,2,1,1,2,,,Caribbean Zucchini Bread,,,,,,
206162,,3,1,1,,3,,Legume My Shepherd's Pie,,,,,,
206311,,3,,,3,,,Peanut Butter and Honey No-Bake Cookies,,,,,,
206680,1,,,1,,,,Crawfish Cakes,,,,,,
206870,,,,1,1,4,,Beef Brisket with Chipotle Tomatillo Sauce,,,,,,
213575,,2,,,,2,,Crawfish Pie,,,,,,
213757,,,1,,,3,1,Emma's Slow Cooker Clam Chowder,,,,,,
213939,,1,,,,1,,Horsey Parsnip Puree,,,,,,
213996,,,,1,,1,,Avocado and Edamame Dip,,,,,,
214432,,1,,1,,,,Xavier Steak,,,,,,
214706,,,1,,1,2,1,Easy Green Chile Stew,,,,,,
214755,,1,1,,,2,,Beet Stump Pot,,,,,,
214980,,4,1,,3,,,Cappuccino Pound Cake with Bittersweet Chocolate,,,,,,
215033,,2,,,,,,Jennie's Heavenly Slow Cooker Chicken,,,,,,
215052,,,,1,,,,Gourmet Microwave Popcorn,,,,,,
215105,1,1,1,1,,3,,Cheddar-Topped Veggie Beef Skillet Dinner,,,,,,
215479,,1,,1,,4,,Warm Green Bean and Potato Salad with Goat Cheese,,,,,,
215730,,,,,1,,,Brandied Candied Walnuts,,,,,,
215783,,,,1,,1,,Zucchini Orzo,,,,,,
215787,,,2,,,1,,Grilled BBQ Meatloaf,,,,,,
215908,,5,,,,1,,Cheddar Onion Drop Biscuits,,,,,,
216100,,,1,,,5,1,Split Pea Smoked Turkey Soup,,,,,,
216440,,3,2,,1,1,,Chicken Breasts in a Sour Cream and Wine Sauce,,,,,,
216523,,1,1,,1,,,Applesauce Pie,,,,,,
216539,,2,,1,,2,,Oven Baked Garlic and Parmesan Fries,,,,,,
217099,,1,2,1,,,,Chicken In the Yellow Bowl,,,,,,
217303,,,,,,4,,Hearty Vegetable Salad,,,,,,
218178,,1,,,,1,1,Nina's Russian Cold Beet Soup (Kholdnyk),,,,,,
218437,,2,,1,2,1,,Sour Cherry Pudding Cake,,,,,,
218466,,2,,1,1,,,The French Bread,,,,,,
218718,,,,1,1,,,Basmati with Toasted Noodles,,,,,,
218901,,,2,1,,6,,Beef Enchiladas with Spicy Red Sauce,,,,,,
218987,1,,,,1,1,,Spicy Habanero Dipping Sauce,,,,,,
219506,,,2,,,3,,Sausage and Mushroom Stuffing,,,,,,
219654,1,,,1,,1,,Spanish-Style Swiss Chard with Raisins and Pine Nuts,,,,,,
219909,,,,1,,1,,Breakfast Apples,,,,,,
219933,,2,1,,,1,,Benny's Famous Jalapeno Poppers,,,,,,
220226,,2,,1,,1,,Buck's Italian-Grilled Asparagus,,,,,,
220393,1,2,,1,1,6,1,Stacked Fajita Vegetable Enchilada Casserole,,,,,,
220460,,1,,1,,4,1,Raleys Irish Corned Beef Stew,,,,,,
220643,,6,,1,,3,,Gina's Creamy Mushroom Lasagna,,,,,,
220754,,4,,,,2,,Cheesy Rutabaga Bake,,,,,,
220808,,1,1,1,2,3,,Pineapple Upside Down Cupcakes,,,,,,
220923,2,,,,,3,,Ham Salad for Two,,,,,,
221132,1,,,,1,1,,Magnificent Macaroni Salad,,,,,,
221333,,2,,,3,,,Maja Blanca,,,,,,
221381,,1,,1,,2,,Curried Cottage Fries,,,,,,
221919,,1,1,,,2,,Easy Black Bean Taco Salad,,,,,,
222045,,,,1,,4,,Beet Greens and Green Beans with Tomato and Onion,,,,,,
222099,,1,1,,,,,Healthier Chicken Cordon Bleu I,,,,,,
222220,,,,,,3,,Peppery Coleslaw with Cucumbers and Celery,,,,,,
222325,,2,1,,1,,,Mango Bread,,,,,,
222337,,3,1,,,1,,Brown Butter Pineapple Corn Muffins,,,,,,
222353,,2,1,1,1,1,,Corn Cob Puppies (Corn Dogs),,,,,,
222361,,1,,2,,,,Prim's Basil-Wrapped Goat Cheese Balls,,,,,,
222373,2,,,,,3,,Salmon Burgers with Lemon Basil Mayo,,,,,,
222506,,1,1,,,2,,Polish Sausage and Pierogy Haluski,,,,,,
222614,,4,,,,1,,Creamy Twice-Baked Potatoes,,,,,,
222657,1,,,1,,4,1,Indian Sweet Potato and Lentil Soup,,,,,,
222781,,1,1,,,1,,Mushroom and Swiss Burger,,,,,,
222906,,,,,,1,,Creamy Arugula Sauce,,,,,,
223275,,4,,,1,5,1,Deep Dish Pea and Vegetable Casserole,,,,,,
223344,,,,1,1,5,,Summery Bean Salad,,,,,,
223346,,2,,2,1,5,,Veggie Turkey Meatloaf with Tangy Balsamic Glaze,,,,,,
223497,,,,,1,2,,Watermelon Summertime Slush,,,,,,
227993,,4,1,,1,3,,Creamy Cheddar Beef Enchiladas,,,,,,
228981,2,,,1,1,4,,Sashimi Tuna Salad With Mint Lime Cilantro Dressing,,,,,,
228984,2,,3,1,,3,,"Pearl Couscous with Lentils, Carrots, Spinach, and Corn",,,,,,
229132,,,,1,,,,Beef Sirloin Tip Roast with Mushrooms,,,,,,
229287,,1,1,1,,3,,Shrimp Pasta with Tomato Basil Sauce,,,,,,
229439,,,,,,1,,Polynesian Meatballs,,,,,,
229530,1,,,1,,2,,Hot Salmon Salad with Maille速 Honey Dijon Mustard,,,,,,
229557,,3,1,,,,,Garlic Sausage and Pasta in a Bechamel Sauce,,,,,,
229892,,,,,2,,,Amazing Apple Butter,,,,,,
229940,1,1,,,,,,Chicken Ranch Dijon,,,,,,
230277,,,1,1,,1,1,Smoked Chipotle Tomato Basil Soup,,,,,,
230321,,,,1,1,3,,Sweet and Sour Chicken Using Italian Dressing and Apricot Jam,,,,,,
230976,,1,,,1,,,Soft Homemade Pretzels,,,,,,
231002,,1,,,,1,,Creamy Cucumber Tomato Salad,,,,,,
231464,,1,,,1,3,,Mushroom Honey Lager Sauce,,,,,,
231776,,1,1,,2,,,Hedgehog Cookies,,,,,,
231829,,3,,,,,,Low-Carb Chocolate Peanut Butter Smoothie,,,,,,
231852,,2,,,,,,Baked Plantain with Cheese,,,,,,
231920,,1,,,,,,Wine and Rosemary Couscous,,,,,,
232296,,1,,1,,1,,Tuna Pita Melt,,,,,,
232473,,1,1,,1,1,,Mom's Pineapple Bread Pudding,,,,,,
232479,1,2,,,,4,,Baked Eggplant Antipasto,,,,,,
232534,,1,,,,,,Coconut Cream Dip,,,,,,
232791,,,1,1,,1,1,Chilled Sugar Snap Pea Soup,,,,,,
232840,,2,,1,,,,Super Quick Biscuit Squares,,,,,,
232969,,1,1,,,1,,Bacon-Wrapped Dates Stuffed with Manchego Cheese,,,,,,
233274,1,1,,,1,2,,Watermelon-Cucumber Salad with Sushi Vinegar and Lime,,,,,,
233600,,4,,,,1,,Savory Seafood Pizza,,,,,,
233794,,,2,,,3,,Slow-Cooked Green Beans,,,,,,
234340,,2,,,,,,Frankly Super Supper,,,,,,
234467,,,1,,,10,,The Herd's Tailgate Chili,,,,,,
234498,,,1,,,3,1,Slow Cooker Taco Bean Soup,,,,,,
234576,,1,1,,,,,Grands!速 Unsloppy Joes,,,,,,
234788,,1,1,,1,2,,Lemon Mint Pound Cake,,,,,,
234940,,,1,1,,,,Sausage-Stuffed Cherry Pepper Poppers,,,,,,
235077,,1,1,,,4,,Mushroom and Bacon Green Beans,,,,,,
235161,1,,,,1,,,Ape's Pulled Pork,,,,,,
235221,,1,,,1,1,,Low-Fat Pumpkin Chocolate Chip Bread,,,,,,
235517,,2,1,,2,,,Brown Sugar Cookies,,,,,,
235862,,,2,1,,,1,Chicken and Hominy Soup with Lime and Cilantro,,,,,,
235886,1,1,,1,1,2,,Gluten Free Gingerbread Drops,,,,,,
235901,1,2,,1,,1,,Peppercorn Roast Beef,,,,,,
236250,,1,,,1,,,Skillet Apples with Cinnamon,,,,,,
236291,,2,,,1,,,Viennexican Coffee,,,,,,
236560,,,,,1,1,,Very Orange Smoothie without Oranges,,,,,,
236640,,,,,,1,1,Salmon Casserole Wrap,,,,,,
236731,,,,1,1,6,1,Tender Pork Stew with Beans,,,,,,
236873,,2,2,,1,2,,Chicken and Rice in Creamy Sauce,,,,,,
236929,,,1,,,3,,Easy Cowboy Beans (Frijoles Charros),,,,,,
237125,,1,,,,1,,Orange Tilapia,,,,,,
237157,,1,,,,,,Easy Strawberry Fruit Dip,,,,,,
237216,1,1,,1,,2,,'Meat's Too Expensive!' Vegetarian Burgers,,,,,,
237481,1,1,,,,1,,Tasty Strawberry Smoothie,,,,,,
237584,,,,2,,3,,Curried Quinoa Veggie Bowl,,,,,,
237598,,5,1,,3,,,Chocolate Cream Puff Swans,,,,,,
237695,,1,1,1,,3,,The Shorba Freekeh of Algeria,,,,,,
237718,,,,,2,1,,Frozen Strawberry Smoothie Bars,,,,,,
237774,,1,,,,,,Mango Mousse,,,,,,
237871,,1,,,,,,Creamy Nacho Dip,,,,,,
238068,,,,,1,1,,Mango Watermelon Smoothie,,,,,,
238089,,,,,,1,,Twisted Colada Protein Smoothie,,,,,,
238390,,,,,,3,,Super Thick N' Beefy Chili,,,,,,
238454,,2,,,,1,,Grilled Spaghetti Sandwich,,,,,,
238851,,2,,,,1,,Cucumber Sandwich Spread,,,,,,
238884,,,,1,,2,,Paleo Artichoke Bruschetta,,,,,,
238919,,1,,1,,1,,Stacked Tomato and Burrata Salad,,,,,,
239080,,1,,,,2,,Grandma's Lemon Cauliflower Side Dish,,,,,,
239163,1,,1,,,,,Simple and Flavorful Salisbury Steak,,,,,,
239249,,,,1,,,,Crispy Chipotle Roasted Smashed Potatoes,,,,,,
239271,,1,,1,2,2,,Chocolate Chip and Pumpkin Bread,,,,,,
239389,,2,2,,,3,1,Marie's Fish Chowder,,,,,,
239404,,3,1,,,2,,Creamy Cabbage with Noodles,,,,,,
239575,,,,1,,,,Nori Chips,,,,,,
239739,,,,,1,,,Gingered Pear Martini,,,,,,
239814,,2,,,1,,,Lois' Bread Pudding,,,,,,
239893,,4,2,,,1,1,Cheesy Chicken and Potato Soup,,,,,,
239999,1,2,1,,2,,,Apple Cider Oatmeal Cookies,,,,,,
240093,,,,1,1,2,,Mahi Mahi Ceviche,,,,,,
240097,,3,1,,,,,Smoked Salmon French Toast Sandwich,,,,,,
240112,,,1,,,,1,Pumpkin Pie Soup,,,,,,
240206,,,,1,,1,,Simple Broccolini,,,,,,
240312,,2,,,1,,,Cut-Out Sugar Cookies,,,,,,
240591,1,3,,1,1,,,"Vegan Chocolate Chip, Oatmeal, and Nut Cookies",,,,,,
240922,2,,,,1,1,,Sesame-Roasted Salmon,,,,,,
241041,,2,,,3,,,Baked Apple Cinnamon Rolls,,,,,,
241079,,,,1,,1,,Quick Pickled Pepper Onion Relish,,,,,,
241170,1,2,,,,,,Oatmeal Energy Bars,,,,,,
241372,1,,,,2,1,,Easy Baked BBQ Pork Chops,,,,,,
241399,,,1,1,,,,"Laura's ""Thin Mint"" Brownies",,,,,,
241607,1,,2,1,1,1,,Vietnamese Grilled Lemongrass Chicken,,,,,,
241658,,3,,,,2,,Twice Baked Cauliflower with Bacon,,,,,,
241894,,1,,,,,,Black Forest Trifle,,,,,,
241993,,1,,1,,2,,Eggplant Panini,,,,,,
241994,,2,,,1,1,,Baked Peaches 'n Cream,,,,,,
242092,,,,,1,,,Confectioners' Sugar,,,,,,
242411,,1,1,1,,2,1,Apple and Lentil Soup,,,,,,
242441,,,,1,,1,,Grilled Beef Fajitas,,,,,,
244219,,1,,1,,,,Grilled Beets with Feta,,,,,,
244251,1,1,,,1,1,,No-Cook Overnight Oatmeal,,,,,,
244464,,1,1,,,3,,Stuffed Scalloped (Patty Pan) Squash,,,,,,
244570,,,2,,,3,,Margarita Shrimp Salad from Swanson速,,,,,,
244718,,1,,,2,1,,Zucchini Bread Breakfast Pizza,,,,,,
245031,1,,,,1,,,Country-Style Honey Mustard,,,,,,
245160,1,1,,1,1,,,Maple Granola,,,,,,
245174,,5,1,,2,,,Peppermint Cupcakes with Marshmallow Fluff White Chocolate Frosting,,,,,,
245216,,,,,,2,,Pineapple Brown Sugar Glazed Ham,,,,,,
245262,1,1,,1,4,,,Gingerbread Granola Bars,,,,,,
245278,,,3,,,2,1,Chicken Posole Verde Soup,,,,,,
245303,1,1,,,2,,,Sweet Coconut Oatmeal,,,,,,
245406,,,1,,1,2,,Fried Brussels Sprouts,,,,,,
245662,,,,,,1,,Avocado-Tomatillo Dip with Jalapenos and Cilantro,,,,,,
245981,,,,1,1,1,,Korean BBQ Beef Tacos,,,,,,
246024,,3,,,,,,Gluten Free Spicy Mac & Cheese,,,,,,
246236,,1,,,1,,,Easy S'Mores Bars,,,,,,
246288,,2,,,2,2,,The Best Panna Cotta You Will Ever Have,,,,,,
246455,1,1,,,1,2,,Overnight Oats Blueberry Smoothie Bowl,,,,,,
246526,,,,1,2,2,,Grace Love's Smothered Steak,,,,,,
246563,1,2,,1,1,2,1,Curry Udon,,,,,,
254232,1,,2,1,1,3,,Authentic Thai Basil Chicken (Very Easy and Fast),,,,,,
254242,1,,,1,,3,,Lebanese Fattoush (Bread Salad),,,,,,
254484,,,,,1,1,1,Spring Strawberry Soup,,,,,,
254795,,,,,1,1,,Healthy Wild Blueberry Sauce,,,,,,
255020,,2,,,,,,Chef John's Potato Gnocchi,,,,,,
255111,,1,,,,,,Apricot Date Smoothie,,,,,,
255271,,4,,1,,,,Grown Up Mac & Cheese,,,,,,
255297,1,,1,,1,2,,Cashew Chicken Bake,,,,,,
255328,,1,,1,1,9,,Nayza's Mushroom Fiesta Cups,,,,,,
255601,,2,1,1,,1,,Vegetarian Quinoa Frittatas,,,,,,
255957,,1,1,,1,,,Glazed Apple Cider Cake,,,,,,
256095,,1,,,2,,,Stef's Slow Cooker Creme Brulee,,,,,,
256405,,1,2,1,,1,,Paleo Chicken Marsala,,,,,,
256655,,,,1,,1,,Cauliflower with Water Chestnuts and Black Olives,,,,,,
256856,,5,2,,2,,,Rosca de Reyes,,,,,,
258160,1,,3,1,,,,Chinese Pork Meatballs,,,,,,
258405,,1,,,,1,,Chia Pineapple Smoothie,,,,,,
258556,,,1,1,2,1,,Pressure Cooker Salsa Lime Chicken and Rice,,,,,,
258557,,,,1,1,3,,Aji (Colombian Salsa),,,,,,
258569,,1,1,1,,4,,Corned Beef Hash Arepas,,,,,,
258600,,2,1,,,1,1,Bacon & Cheddar Green Bean Casserole,,,,,,
258666,1,1,1,2,1,1,,Cobb Salad with Brown Derby French Dressing,,,,,,
258817,,,2,,,1,,Chicken Pasta with Artichoke Hearts,,,,,,
258831,,1,1,,1,3,,Make Ahead Cauliflower Salad,,,,,,
258952,2,,,,,2,,Sweet Potato Black Bean Burgers,,,,,,
259053,,4,,,2,,,Funfetti速 Pancakes with Vanilla Cream Sprinkle Sauce,,,,,,
259286,,1,,1,,2,,Zucchini Noodle and Cannellini Bean Quinoa Bowl,,,,,,
259563,,3,,,1,,,Snickerdoodle-Crusted Apple Pie,,,,,,
260312,,1,,,,,,Christmas Santa Cupcakes,,,,,,
260469,,1,2,1,,4,,Chef John's Chicken Tinga,,,,,,
260679,,4,1,,2,,,Easy Coconut Sheet Cake,,,,,,
260682,1,1,1,,,1,1,Easy Slow Cooker Cauliflower Soup with Cheese,,,,,,
262355,1,1,,1,,1,,Breaded Tofu Nuggets,,,,,,
